,open,high,low,close,volume,volume_zero_flag,log_return
open,1.0,0.9995595220236928,0.9992751616997568,0.9989699234479966,-0.002235123532178551,0.08549160097459815,-0.0015750287641211234
high,0.9995595220236928,1.0,0.9991454181394026,0.9993933762821018,-0.002242768124811292,0.08528849965562324,-0.0011671758632116397
low,0.9992751616997568,0.9991454181394026,1.0,0.9996061206694759,-0.0022285823206160483,0.08576167382414902,-0.0010279153065798972
close,0.9989699234479966,0.9993933762821018,0.9996061206694759,1.0,-0.0022320905840306693,0.0853735992753413,-0.0006968488511276653
volume,-0.002235123532178551,-0.002242768124811292,-0.0022285823206160483,-0.0022320905840306693,1.0,-0.015912472941977496,0.00674603546714164
volume_zero_flag,0.08549160097459815,0.08528849965562324,0.08576167382414902,0.0853735992753413,-0.015912472941977496,1.0,-0.00042732700734192164
log_return,-0.0015750287641211234,-0.0011671758632116397,-0.0010279153065798972,-0.0006968488511276653,0.00674603546714164,-0.00042732700734192164,1.0
